fileName	isHlsl	profile	includeCount	samplerSlots	constants
pixel_program/vertex_color.psh	0	asm	0	0	0
pixel_program/3d_vertex_color.psh	0	asm	0	0	0
pixel_program/3d_vertex_color_a.psh	0	asm	0	0	0
pixel_program/bad_vertex_shader.psh	0	asm	0	0	0
pixel_program/a_lava_alpha_ps14.psh	1	ps_1_4	2	3	0
pixel_program/a_bloom_mask_pass_ps20.psh	1	ps_2_0	2	1	0
pixel_program/shadowvolume.psh	0	asm	0	0	0
pixel_program/t.psh	0	asm	0	0	0
pixel_program/a_modulate.psh	0	asm	0	0	0
pixel_program/2d_texture.psh	0	asm	0	0	0
pixel_program/2d_heat_composite.psh	1	ps_2_0	2	2	0
pixel_program/a_simple_pp_ps20.psh	1	ps_2_0	2	1	0
pixel_program/zwrite_mask_ps11.psh	1	ps_1_1	2	0	0
pixel_program/ui_membrane_color2_ps20.psh	1	ps_2_0	2	1	0
pixel_program/e_emisadd_masked_vcolor_bloom_ps20.psh	1	ps_2_0	2	1	0
pixel_program/a_specmap_pp_ps20.psh	1	ps_2_0	2	2	0
pixel_program/a_modulate2x.psh	0	asm	0	0	0
pixel_program/a_alpha_emis_full_ps11.psh	1	ps_1_1	2	1	0
pixel_program/e_particle_alpha_emis_full_ps11.psh	1	ps_1_1	2	1	0
pixel_program/e_bloom_mask_pass_vcolor_ps20.psh	1	ps_2_0	2	1	0
pixel_program/a_emismap_ps20.psh	1	ps_2_0	2	1	0
pixel_program/vertex_color.psh	0	asm	0	0	0
pixel_program/3d_vertex_color.psh	0	asm	0	0	0
pixel_program/3d_vertex_color_a.psh	0	asm	0	0	0
pixel_program/bad_vertex_shader.psh	0	asm	0	0	0
pixel_program/a_lava_alpha_ps14.psh	1	ps_1_4	2	3	0
pixel_program/a_bloom_mask_pass_ps20.psh	1	ps_2_0	2	1	0
pixel_program/shadowvolume.psh	0	asm	0	0	0
pixel_program/t.psh	0	asm	0	0	0
pixel_program/a_modulate.psh	0	asm	0	0	0
pixel_program/2d_texture.psh	0	asm	0	0	0
pixel_program/2d_heat_composite.psh	1	ps_2_0	2	2	0
pixel_program/a_simple_pp_ps20.psh	1	ps_2_0	2	1	0
pixel_program/zwrite_mask_ps11.psh	1	ps_1_1	2	0	0
pixel_program/ui_membrane_color2_ps20.psh	1	ps_2_0	2	1	0
pixel_program/e_emisadd_masked_vcolor_bloom_ps20.psh	1	ps_2_0	2	1	0
pixel_program/a_specmap_pp_ps20.psh	1	ps_2_0	2	2	0
pixel_program/a_modulate2x.psh	0	asm	0	0	0
pixel_program/a_alpha_emis_full_ps11.psh	1	ps_1_1	2	1	0
pixel_program/e_particle_alpha_emis_full_ps11.psh	1	ps_1_1	2	1	0
pixel_program/e_bloom_mask_pass_vcolor_ps20.psh	1	ps_2_0	2	1	0
pixel_program/a_emismap_ps20.psh	1	ps_2_0	2	1	0
pixel_program/vertex_color.psh	0	asm	0	0	0
pixel_program/3d_vertex_color.psh	0	asm	0	0	0
pixel_program/3d_vertex_color_a.psh	0	asm	0	0	0
pixel_program/bad_vertex_shader.psh	0	asm	0	0	0
pixel_program/a_lava_alpha_ps14.psh	1	ps_1_4	2	3	0
pixel_program/a_bloom_mask_pass_ps20.psh	1	ps_2_0	2	1	0
pixel_program/shadowvolume.psh	0	asm	0	0	0
pixel_program/t.psh	0	asm	0	0	0
pixel_program/a_modulate.psh	0	asm	0	0	0
pixel_program/2d_texture.psh	0	asm	0	0	0
pixel_program/2d_heat_composite.psh	1	ps_2_0	2	2	0
pixel_program/a_simple_pp_ps20.psh	1	ps_2_0	2	1	0
pixel_program/zwrite_mask_ps11.psh	1	ps_1_1	2	0	0
pixel_program/ui_membrane_color2_ps20.psh	1	ps_2_0	2	1	0
pixel_program/e_emisadd_masked_vcolor_bloom_ps20.psh	1	ps_2_0	2	1	0
pixel_program/a_specmap_pp_ps20.psh	1	ps_2_0	2	2	0
pixel_program/a_modulate2x.psh	0	asm	0	0	0
pixel_program/a_alpha_emis_full_ps11.psh	1	ps_1_1	2	1	0
pixel_program/e_particle_alpha_emis_full_ps11.psh	1	ps_1_1	2	1	0
pixel_program/e_bloom_mask_pass_vcolor_ps20.psh	1	ps_2_0	2	1	0
pixel_program/a_emismap_ps20.psh	1	ps_2_0	2	1	0
pixel_program/vertex_color.psh	0	asm	0	0	0
pixel_program/3d_vertex_color.psh	0	asm	0	0	0
pixel_program/3d_vertex_color_a.psh	0	asm	0	0	0
pixel_program/bad_vertex_shader.psh	0	asm	0	0	0
pixel_program/a_lava_alpha_ps14.psh	1	ps_1_4	2	3	0
pixel_program/a_bloom_mask_pass_ps20.psh	1	ps_2_0	2	1	0
pixel_program/shadowvolume.psh	0	asm	0	0	0
pixel_program/t.psh	0	asm	0	0	0
pixel_program/a_modulate.psh	0	asm	0	0	0
pixel_program/2d_texture.psh	0	asm	0	0	0
pixel_program/2d_heat_composite.psh	1	ps_2_0	2	2	0
pixel_program/a_simple_pp_ps20.psh	1	ps_2_0	2	1	0
pixel_program/zwrite_mask_ps11.psh	1	ps_1_1	2	0	0
pixel_program/ui_membrane_color2_ps20.psh	1	ps_2_0	2	1	0
pixel_program/e_emisadd_masked_vcolor_bloom_ps20.psh	1	ps_2_0	2	1	0
pixel_program/a_specmap_pp_ps20.psh	1	ps_2_0	2	2	0
pixel_program/a_modulate2x.psh	0	asm	0	0	0
pixel_program/a_alpha_emis_full_ps11.psh	1	ps_1_1	2	1	0
pixel_program/e_particle_alpha_emis_full_ps11.psh	1	ps_1_1	2	1	0
pixel_program/e_bloom_mask_pass_vcolor_ps20.psh	1	ps_2_0	2	1	0
pixel_program/a_emismap_ps20.psh	1	ps_2_0	2	1	0
pixel_program/ui.psh	0	asm	0	0	0
pixel_program/h_specmap_cbmp_ps20.psh	1	ps_2_0	2	2	0
pixel_program/h_envmask_specmap_ps20.psh	1	ps_2_0	2	3	0
pixel_program/h_color2_specmap_cbmp_ps20.psh	1	ps_2_0	2	3	0
pixel_program/h_spec_pp_ps20.psh	1	ps_2_0	2	1	0
pixel_program/h_color2_pp_ps20.psh	1	ps_2_0	2	1	0
pixel_program/h_simple_pp_ps20.psh	1	ps_2_0	2	1	0
pixel_program/h_color2_specmap_bump_ps20.psh	1	ps_2_0	2	2	0
pixel_program/h_color2_bump_ps20.psh	1	ps_2_0	2	2	0
pixel_program/h_specmap_bump_ps20.psh	1	ps_2_0	2	2	0
pixel_program/h_color2_specmap_bump_aniso_ps20.psh	1	ps_2_0	2	2	0
pixel_program/vertex_color.psh	0	asm	0	0	0
pixel_program/3d_vertex_color.psh	0	asm	0	0	0
pixel_program/3d_vertex_color_a.psh	0	asm	0	0	0
pixel_program/bad_vertex_shader.psh	0	asm	0	0	0
pixel_program/a_lava_alpha_ps14.psh	1	ps_1_4	2	3	0
pixel_program/a_bloom_mask_pass_ps20.psh	1	ps_2_0	2	1	0
pixel_program/shadowvolume.psh	0	asm	0	0	0
pixel_program/t.psh	0	asm	0	0	0
pixel_program/a_modulate.psh	0	asm	0	0	0
pixel_program/2d_texture.psh	0	asm	0	0	0
pixel_program/2d_heat_composite.psh	1	ps_2_0	2	2	0
pixel_program/a_simple_pp_ps20.psh	1	ps_2_0	2	1	0
pixel_program/zwrite_mask_ps11.psh	1	ps_1_1	2	0	0
pixel_program/ui_membrane_color2_ps20.psh	1	ps_2_0	2	1	0
pixel_program/e_emisadd_masked_vcolor_bloom_ps20.psh	1	ps_2_0	2	1	0
pixel_program/a_specmap_pp_ps20.psh	1	ps_2_0	2	2	0
pixel_program/a_modulate2x.psh	0	asm	0	0	0
pixel_program/a_alpha_emis_full_ps11.psh	1	ps_1_1	2	1	0
pixel_program/e_particle_alpha_emis_full_ps11.psh	1	ps_1_1	2	1	0
pixel_program/e_bloom_mask_pass_vcolor_ps20.psh	1	ps_2_0	2	1	0
pixel_program/a_emismap_ps20.psh	1	ps_2_0	2	1	0
pixel_program/ui.psh	0	asm	0	0	0
pixel_program/h_specmap_cbmp_ps20.psh	1	ps_2_0	2	2	0
pixel_program/h_envmask_specmap_ps20.psh	1	ps_2_0	2	3	0
pixel_program/h_color2_specmap_cbmp_ps20.psh	1	ps_2_0	2	3	0
pixel_program/h_spec_pp_ps20.psh	1	ps_2_0	2	1	0
pixel_program/h_color2_pp_ps20.psh	1	ps_2_0	2	1	0
pixel_program/h_simple_pp_ps20.psh	1	ps_2_0	2	1	0
pixel_program/h_color2_specmap_bump_ps20.psh	1	ps_2_0	2	2	0
pixel_program/h_color2_bump_ps20.psh	1	ps_2_0	2	2	0
pixel_program/h_specmap_bump_ps20.psh	1	ps_2_0	2	2	0
pixel_program/h_color2_specmap_bump_aniso_ps20.psh	1	ps_2_0	2	2	0
